id,address,email,name,phone
101,Tokyo,kyiminhan1@gmail.com,KYIMINHAN 1,9.87654E+11
102,Tokyo,kyiminhan2@gmail.com,KYIMINHAN 2,9.87654E+11
103,Tokyo,kyiminhan3@gmail.com,KYIMINHAN 3,9.87654E+11
104,Tokyo,kyiminhan4@gmail.com,KYIMINHAN 4,9.87654E+11
105,Tokyo,kyiminhan5@gmail.com,KYIMINHAN 5,9.87654E+11
106,Tokyo,kyiminhan6@gmail.com,KYIMINHAN 6,9.87654E+11
107,Tokyo,kyiminhan7@gmail.com,KYIMINHAN 7,9.87654E+11
108,Tokyo,kyiminhan8@gmail.com,KYIMINHAN 8,9.87654E+11
109,Tokyo,kyiminhan9@gmail.com,KYIMINHAN 9,9.87654E+11
110,Tokyo,kyiminhan10@gmail.com,KYIMINHAN 10,9.87654E+11
111,Tokyo,kyiminhan11@gmail.com,KYIMINHAN 11,9.87654E+11
112,Tokyo,kyiminhan12@gmail.com,KYIMINHAN 12,9.87654E+11
113,Tokyo,kyiminhan13@gmail.com,KYIMINHAN 13,9.87654E+11
114,Tokyo,kyiminhan14@gmail.com,KYIMINHAN 14,9.87654E+11
115,Tokyo,kyiminhan15@gmail.com,KYIMINHAN 15,9.87654E+11
116,Tokyo,kyiminhan16@gmail.com,KYIMINHAN 16,9.87654E+11
117,Tokyo,kyiminhan17@gmail.com,KYIMINHAN 17,9.87654E+11
118,Tokyo,kyiminhan18@gmail.com,KYIMINHAN 18,9.87654E+11
119,Tokyo,kyiminhan19@gmail.com,KYIMINHAN 19,9.87654E+11
120,Tokyo,kyiminhan20@gmail.com,KYIMINHAN 20,9.87654E+11
121,Tokyo,kyiminhan21@gmail.com,KYIMINHAN 21,9.87654E+11
122,Tokyo,kyiminhan22@gmail.com,KYIMINHAN 22,9.87654E+11
123,Tokyo,kyiminhan23@gmail.com,KYIMINHAN 23,9.87654E+11
124,Tokyo,kyiminhan24@gmail.com,KYIMINHAN 24,9.87654E+11
125,Tokyo,kyiminhan25@gmail.com,KYIMINHAN 25,9.87654E+11
126,Tokyo,kyiminhan26@gmail.com,KYIMINHAN 26,9.87654E+11
127,Tokyo,kyiminhan27@gmail.com,KYIMINHAN 27,9.87654E+11
128,Tokyo,kyiminhan28@gmail.com,KYIMINHAN 28,9.87654E+11
129,Tokyo,kyiminhan29@gmail.com,KYIMINHAN 29,9.87654E+11
130,Tokyo,kyiminhan30@gmail.com,KYIMINHAN 30,9.87654E+11
131,Tokyo,kyiminhan31@gmail.com,KYIMINHAN 31,9.87654E+11
132,Tokyo,kyiminhan32@gmail.com,KYIMINHAN 32,9.87654E+11
133,Tokyo,kyiminhan33@gmail.com,KYIMINHAN 33,9.87654E+11
134,Tokyo,kyiminhan34@gmail.com,KYIMINHAN 34,9.87654E+11
135,Tokyo,kyiminhan35@gmail.com,KYIMINHAN 35,9.87654E+11
136,Tokyo,kyiminhan36@gmail.com,KYIMINHAN 36,9.87654E+11
137,Tokyo,kyiminhan37@gmail.com,KYIMINHAN 37,9.87654E+11
138,Tokyo,kyiminhan38@gmail.com,KYIMINHAN 38,9.87654E+11
139,Tokyo,kyiminhan39@gmail.com,KYIMINHAN 39,9.87654E+11
140,Tokyo,kyiminhan40@gmail.com,KYIMINHAN 40,9.87654E+11
141,Tokyo,kyiminhan41@gmail.com,KYIMINHAN 41,9.87654E+11
142,Tokyo,kyiminhan42@gmail.com,KYIMINHAN 42,9.87654E+11
143,Tokyo,kyiminhan43@gmail.com,KYIMINHAN 43,9.87654E+11
144,Tokyo,kyiminhan44@gmail.com,KYIMINHAN 44,9.87654E+11
145,Tokyo,kyiminhan45@gmail.com,KYIMINHAN 45,9.87654E+11
146,Tokyo,kyiminhan46@gmail.com,KYIMINHAN 46,9.87654E+11
147,Tokyo,kyiminhan47@gmail.com,KYIMINHAN 47,9.87654E+11
148,Tokyo,kyiminhan48@gmail.com,KYIMINHAN 48,9.87654E+11
149,Tokyo,kyiminhan49@gmail.com,KYIMINHAN 49,9.87654E+11
150,Tokyo,kyiminhan50@gmail.com,KYIMINHAN 50,9.87654E+11
151,Tokyo,kyiminhan51@gmail.com,KYIMINHAN 51,9.87654E+11
152,Tokyo,kyiminhan52@gmail.com,KYIMINHAN 52,9.87654E+11
153,Tokyo,kyiminhan53@gmail.com,KYIMINHAN 53,9.87654E+11
154,Tokyo,kyiminhan54@gmail.com,KYIMINHAN 54,9.87654E+11
155,Tokyo,kyiminhan55@gmail.com,KYIMINHAN 55,9.87654E+11
156,Tokyo,kyiminhan56@gmail.com,KYIMINHAN 56,9.87654E+11
157,Tokyo,kyiminhan57@gmail.com,KYIMINHAN 57,9.87654E+11
158,Tokyo,kyiminhan58@gmail.com,KYIMINHAN 58,9.87654E+11
159,Tokyo,kyiminhan59@gmail.com,KYIMINHAN 59,9.87654E+11
160,Tokyo,kyiminhan60@gmail.com,KYIMINHAN 60,9.87654E+11
161,Tokyo,kyiminhan61@gmail.com,KYIMINHAN 61,9.87654E+11
162,Tokyo,kyiminhan62@gmail.com,KYIMINHAN 62,9.87654E+11
163,Tokyo,kyiminhan63@gmail.com,KYIMINHAN 63,9.87654E+11
164,Tokyo,kyiminhan64@gmail.com,KYIMINHAN 64,9.87654E+11
165,Tokyo,kyiminhan65@gmail.com,KYIMINHAN 65,9.87654E+11
166,Tokyo,kyiminhan66@gmail.com,KYIMINHAN 66,9.87654E+11
167,Tokyo,kyiminhan67@gmail.com,KYIMINHAN 67,9.87654E+11
168,Tokyo,kyiminhan68@gmail.com,KYIMINHAN 68,9.87654E+11
169,Tokyo,kyiminhan69@gmail.com,KYIMINHAN 69,9.87654E+11
170,Tokyo,kyiminhan70@gmail.com,KYIMINHAN 70,9.87654E+11
171,Tokyo,kyiminhan71@gmail.com,KYIMINHAN 71,9.87654E+11
172,Tokyo,kyiminhan72@gmail.com,KYIMINHAN 72,9.87654E+11
173,Tokyo,kyiminhan73@gmail.com,KYIMINHAN 73,9.87654E+11
174,Tokyo,kyiminhan74@gmail.com,KYIMINHAN 74,9.87654E+11
175,Tokyo,kyiminhan75@gmail.com,KYIMINHAN 75,9.87654E+11
176,Tokyo,kyiminhan76@gmail.com,KYIMINHAN 76,9.87654E+11
177,Tokyo,kyiminhan77@gmail.com,KYIMINHAN 77,9.87654E+11
178,Tokyo,kyiminhan78@gmail.com,KYIMINHAN 78,9.87654E+11
179,Tokyo,kyiminhan79@gmail.com,KYIMINHAN 79,9.87654E+11
180,Tokyo,kyiminhan80@gmail.com,KYIMINHAN 80,9.87654E+11
181,Tokyo,kyiminhan81@gmail.com,KYIMINHAN 81,9.87654E+11
182,Tokyo,kyiminhan82@gmail.com,KYIMINHAN 82,9.87654E+11
183,Tokyo,kyiminhan83@gmail.com,KYIMINHAN 83,9.87654E+11
184,Tokyo,kyiminhan84@gmail.com,KYIMINHAN 84,9.87654E+11
185,Tokyo,kyiminhan85@gmail.com,KYIMINHAN 85,9.87654E+11
186,Tokyo,kyiminhan86@gmail.com,KYIMINHAN 86,9.87654E+11
187,Tokyo,kyiminhan87@gmail.com,KYIMINHAN 87,9.87654E+11
188,Tokyo,kyiminhan88@gmail.com,KYIMINHAN 88,9.87654E+11
189,Tokyo,kyiminhan89@gmail.com,KYIMINHAN 89,9.87654E+11
190,Tokyo,kyiminhan90@gmail.com,KYIMINHAN 90,9.87654E+11
191,Tokyo,kyiminhan91@gmail.com,KYIMINHAN 91,9.87654E+11
192,Tokyo,kyiminhan92@gmail.com,KYIMINHAN 92,9.87654E+11
193,Tokyo,kyiminhan93@gmail.com,KYIMINHAN 93,9.87654E+11
194,Tokyo,kyiminhan94@gmail.com,KYIMINHAN 94,9.87654E+11
195,Tokyo,kyiminhan95@gmail.com,KYIMINHAN 95,9.87654E+11
196,Tokyo,kyiminhan96@gmail.com,KYIMINHAN 96,9.87654E+11
197,Tokyo,kyiminhan97@gmail.com,KYIMINHAN 97,9.87654E+11
198,Tokyo,kyiminhan98@gmail.com,KYIMINHAN 98,9.87654E+11
199,Tokyo,kyiminhan99@gmail.com,KYIMINHAN 99,9.87654E+11
200,Tokyo,kyiminhan100@gmail.com,KYIMINHAN 100,9.87654E+11
