id,departmentName
1,"Software Department 1"
2,"Software Department 2"
3,"Software Department 3"
4,"Software Department 4"
5,"Software Department 5"
6,"Software Department 6"
7,"Software Department 7"
8,"Software Department 8"
9,"Software Department 9"
10,"Software Department 10"
11,"Software Department 11"
12,"Software Department 12"
13,"Software Department 13"
14,"Software Department 14"
15,"Software Department 15"
16,"Software Department 16"
17,"Software Department 17"
18,"Software Department 18"
19,"Software Department 19"
20,"Software Department 20"
21,"Software Department 21"
22,"Software Department 22"
23,"Software Department 23"
24,"Software Department 24"
25,"Software Department 25"
26,"Software Department 26"
27,"Software Department 27"
28,"Software Department 28"
29,"Software Department 29"
30,"Software Department 30"
31,"Software Department 31"
32,"Software Department 32"
33,"Software Department 33"
34,"Software Department 34"
35,"Software Department 35"
36,"Software Department 36"
37,"Software Department 37"
38,"Software Department 38"
39,"Software Department 39"
40,"Software Department 40"
41,"Software Department 41"
42,"Software Department 42"
43,"Software Department 43"
44,"Software Department 44"
45,"Software Department 45"
46,"Software Department 46"
47,"Software Department 47"
48,"Software Department 48"
49,"Software Department 49"
50,"Software Department 50"
51,"Software Department 51"
52,"Software Department 52"
53,"Software Department 53"
54,"Software Department 54"
55,"Software Department 55"
56,"Software Department 56"
57,"Software Department 57"
58,"Software Department 58"
59,"Software Department 59"
60,"Software Department 60"
61,"Software Department 61"
62,"Software Department 62"
63,"Software Department 63"
64,"Software Department 64"
65,"Software Department 65"
66,"Software Department 66"
67,"Software Department 67"
68,"Software Department 68"
69,"Software Department 69"
70,"Software Department 70"
71,"Software Department 71"
72,"Software Department 72"
73,"Software Department 73"
74,"Software Department 74"
75,"Software Department 75"
76,"Software Department 76"
77,"Software Department 77"
78,"Software Department 78"
79,"Software Department 79"
80,"Software Department 80"
81,"Software Department 81"
82,"Software Department 82"
83,"Software Department 83"
84,"Software Department 84"
85,"Software Department 85"
86,"Software Department 86"
87,"Software Department 87"
88,"Software Department 88"
89,"Software Department 89"
90,"Software Department 90"
91,"Software Department 91"
92,"Software Department 92"
93,"Software Department 93"
94,"Software Department 94"
95,"Software Department 95"
96,"Software Department 96"
97,"Software Department 97"
98,"Software Department 98"
99,"Software Department 99"
100,"Software Department 100"
